{
    "name": "root",
    "metadata": {
        "timer_format_version": "0.1.0",
        "start_time_seconds": "1708789214",
        "python_version": "3.10.12 | packaged by Anaconda, Inc. | (main, Jul  5 2023, 19:01:18) [MSC v.1916 64 bit (AMD64)]",
        "command_line_arguments": "C:\\Users\\Daniel\\anaconda3\\envs\\mlagents\\Scripts\\mlagents-learn --run-id=Test20\u00f6j",
        "mlagents_version": "1.0.0",
        "mlagents_envs_version": "1.0.0",
        "communication_protocol_version": "1.5.0",
        "pytorch_version": "1.13.1+cu117",
        "numpy_version": "1.23.5",
        "end_time_seconds": "1708789397"
    },
    "total": 183.2374944999974,
    "count": 1,
    "self": 0.003630499999417225,
    "children": {
        "run_training.setup": {
            "total": 0.019231800000852672,
            "count": 1,
            "self": 0.019231800000852672
        },
        "TrainerController.start_learning": {
            "total": 183.21463219999714,
            "count": 1,
            "self": 0.24210139973001787,
            "children": {
                "TrainerController._reset_env": {
                    "total": 6.397708600001351,
                    "count": 1,
                    "self": 6.397708600001351
                },
                "TrainerController.advance": {
                    "total": 176.24701960026505,
                    "count": 18381,
                    "self": 0.23581719998037443,
                    "children": {
                        "env_step": {
                            "total": 172.4566690001957,
                            "count": 18381,
                            "self": 119.22997019994727,
                            "children": {
                                "SubprocessEnvManager._take_step": {
                                    "total": 53.0672301001141,
                                    "count": 18382,
                                    "self": 0.6938755001319805,
                                    "children": {
                                        "TorchPolicy.evaluate": {
                                            "total": 52.37335459998212,
                                            "count": 18382,
                                            "self": 52.37335459998212
                                        }
                                    }
                                },
                                "workers": {
                                    "total": 0.1594687001343118,
                                    "count": 18380,
                                    "self": 0.0,
                                    "children": {
                                        "worker_root": {
                                            "total": 98.21409650007627,
                                            "count": 18380,
                                            "is_parallel": true,
                                            "self": 69.93361030072265,
                                            "children": {
                                                "steps_from_proto": {
                                                    "total": 0.002297500002896413,
                                                    "count": 2,
                                                    "is_parallel": true,
                                                    "self": 0.00037710000106017105,
                                                    "children": {
                                                        "_process_rank_one_or_two_observation": {
                                                            "total": 0.0019204000018362422,
                                                            "count": 4,
                                                            "is_parallel": true,
                                                            "self": 0.0019204000018362422
                                                        }
                                                    }
                                                },
                                                "UnityEnvironment.step": {
                                                    "total": 28.27818869935072,
                                                    "count": 18380,
                                                    "is_parallel": true,
                                                    "self": 0.6437317991403688,
                                                    "children": {
                                                        "UnityEnvironment._generate_step_input": {
                                                            "total": 0.519793300099991,
                                                            "count": 18380,
                                                            "is_parallel": true,
                                                            "self": 0.519793300099991
                                                        },
                                                        "communicator.exchange": {
                                                            "total": 25.23284740015515,
                                                            "count": 18380,
                                                            "is_parallel": true,
                                                            "self": 25.23284740015515
                                                        },
                                                        "steps_from_proto": {
                                                            "total": 1.8818161999552103,
                                                            "count": 18380,
                                                            "is_parallel": true,
                                                            "self": 1.1593433999005356,
                                                            "children": {
                                                                "_process_rank_one_or_two_observation": {
                                                                    "total": 0.7224728000546747,
                                                                    "count": 36760,
                                                                    "is_parallel": true,
                                                                    "self": 0.7224728000546747
                                                                }
                                                            }
                                                        }
                                                    }
                                                }
                                            }
                                        }
                                    }
                                }
                            }
                        },
                        "trainer_advance": {
                            "total": 3.554533400088985,
                            "count": 18380,
                            "self": 0.2570820001674292,
                            "children": {
                                "process_trajectory": {
                                    "total": 1.4998618999234168,
                                    "count": 18380,
                                    "self": 1.4998618999234168
                                },
                                "_update_policy": {
                                    "total": 1.7975894999981392,
                                    "count": 1,
                                    "self": 1.302376900010131,
                                    "children": {
                                        "TorchPPOOptimizer.update": {
                                            "total": 0.49521259998800815,
                                            "count": 30,