{
    "name": "root",
    "metadata": {
        "timer_format_version": "0.1.0",
        "start_time_seconds": "1708784717",
        "python_version": "3.10.12 | packaged by Anaconda, Inc. | (main, Jul  5 2023, 19:01:18) [MSC v.1916 64 bit (AMD64)]",
        "command_line_arguments": "C:\\Users\\Daniel\\anaconda3\\envs\\mlagents\\Scripts\\mlagents-learn --run-id=Test11",
        "mlagents_version": "1.0.0",
        "mlagents_envs_version": "1.0.0",
        "communication_protocol_version": "1.5.0",
        "pytorch_version": "1.13.1+cu117",
        "numpy_version": "1.23.5",
        "end_time_seconds": "1708784906"
    },
    "total": 188.6037548000004,
    "count": 1,
    "self": 0.007151600000725011,
    "children": {
        "run_training.setup": {
            "total": 0.026282000000719563,
            "count": 1,
            "self": 0.026282000000719563
        },
        "TrainerController.start_learning": {
            "total": 188.57032119999894,
            "count": 1,
            "self": 0.15129449988307897,
            "children": {
                "TrainerController._reset_env": {
                    "total": 3.9964636999993672,
                    "count": 1,
                    "self": 3.9964636999993672
                },
                "TrainerController.advance": {
                    "total": 184.30358350011556,
                    "count": 11208,
                    "self": 0.1397583001107705,
                    "children": {
                        "env_step": {
                            "total": 181.41057010004988,
                            "count": 11208,
                            "self": 150.10832069980643,
                            "children": {
                                "SubprocessEnvManager._take_step": {
                                    "total": 31.210013100122524,
                                    "count": 11209,
                                    "self": 0.40845500024806825,
                                    "children": {
                                        "TorchPolicy.evaluate": {
                                            "total": 30.801558099874455,
                                            "count": 11209,
                                            "self": 30.801558099874455
                                        }
                                    }
                                },
                                "workers": {
                                    "total": 0.09223630012093054,
                                    "count": 11207,
                                    "self": 0.0,
                                    "children": {
                                        "worker_root": {
                                            "total": 71.63316940014192,
                                            "count": 11207,
                                            "is_parallel": true,
                                            "self": 42.29024540025421,
                                            "children": {
                                                "steps_from_proto": {
                                                    "total": 0.0020313000004534842,
                                                    "count": 2,
                                                    "is_parallel": true,
                                                    "self": 0.0003648000001703622,
                                                    "children": {
                                                        "_process_rank_one_or_two_observation": {
                                                            "total": 0.001666500000283122,
                                                            "count": 4,
                                                            "is_parallel": true,
                                                            "self": 0.001666500000283122
                                                        }
                                                    }
                                                },
                                                "UnityEnvironment.step": {
                                                    "total": 29.340892699887263,
                                                    "count": 11207,
                                                    "is_parallel": true,
                                                    "self": 0.41056149980795453,
                                                    "children": {
                                                        "UnityEnvironment._generate_step_input": {
                                                            "total": 0.31560530011483934,
                                                            "count": 11207,
                                                            "is_parallel": true,
                                                            "self": 0.31560530011483934
                                                        },
                                                        "communicator.exchange": {
                                                            "total": 27.435092000036093,
                                                            "count": 11207,
                                                            "is_parallel": true,
                                                            "self": 27.435092000036093
                                                        },
                                                        "steps_from_proto": {
                                                            "total": 1.1796338999283762,
                                                            "count": 11207,
                                                            "is_parallel": true,
                                                            "self": 0.7220684999883815,
                                                            "children": {
                                                                "_process_rank_one_or_two_observation": {
                                                                    "total": 0.4575653999399947,
                                                                    "count": 22414,
                                                                    "is_parallel": true,
                                                                    "self": 0.4575653999399947
                                                                }
                                                            }
                                                        }
                                                    }
                                                }
                                            }
                                        }
                                    }
                                }
                            }
                        },
                        "trainer_advance": {
                            "total": 2.753255099954913,
                            "count": 11207,
                            "self": 0.15965489982409053,
                            "children": {
                                "process_trajectory": {
                                    "total": 0.8301418001301499,
                                    "count": 11207,
                                    "self": 0.8301418001301499
                                },
                                "_update_policy": {
                                    "total": 1.7634584000006726,
                                    "count": 1,
                                    "self": 1.2743806000053155,
                                    "children": {
                                        "TorchPPOOptimizer.update": {
                                            "total": 0.48907779999535705,
                                            "count": 30,