{"count":1,"self":159.652096,"total":161.789432,"children":{"InitializeActuators":{"count":3,"self":0.00052589999999999994,"total":0.00052589999999999994,"children":null},"InitializeSensors":{"count":3,"self":0.0068398999999999995,"total":0.0068398999999999995,"children":null},"AgentSendState":{"count":4436,"self":1.8853583999999999,"total":2.0426718999999998,"children":{"CollectObservations":{"count":740,"self":0.0010493,"total":0.0010493,"children":null},"WriteActionMask":{"count":740,"self":0.0010521,"total":0.0010521,"children":null},"RequestDecision":{"count":740,"self":0.0057887999999999993,"total":0.1552121,"children":{"CameraSensor.GetCompressedObservation":{"count":740,"self":0.14942329999999998,"total":0.14942329999999998,"children":null}}}}},"DecideAction":{"count":4436,"self":0.0147199,"total":0.0147199,"children":null},"AgentAct":{"count":4436,"self":0.07205099999999999,"total":0.07205099999999999,"children":null},"CameraSensor.GetCompressedObservation":{"count":2,"self":0.00052589999999999994,"total":0.00052589999999999994,"children":null}},"gauges":{"PacManAgent.CumulativeReward":{"count":2,"max":3.629493,"min":3.61725473,"runningAverage":3.623374,"value":3.629493,"weightedAverage":3.62031436}},"metadata":{"timer_format_version":"0.1.0","start_time_seconds":"1709301824","unity_version":"2022.3.20f1","command_line_arguments":"E:\\Program Files\\Unity\\Hub\\Editor\\2022.3.20f1\\Editor\\Unity.exe -projectpath C:\\Users\\Daniel\\git-workspace\\Unity\\Pac-Brain -useHub -hubIPC -cloudEnvironment production","communication_protocol_version":"1.5.0","com.unity.ml-agents_version":"3.0.0-exp.1","scene_name":"No Ghosts","end_time_seconds":"1709301986"}}