{
    "name": "root",
    "gauges": {
        "PacManAgent.Policy.Entropy.mean": {
            "value": 1.3450313806533813,
            "min": 1.337536096572876,
            "max": 1.3777554035186768,
            "count": 50
        },
        "PacManAgent.Policy.Entropy.sum": {
            "value": 12165.80859375,
            "min": 12165.80859375,
            "max": 14769.2998046875,
            "count": 50
        },
        "PacManAgent.Step.mean": {
            "value": 999954.0,
            "min": 509968.0,
            "max": 999954.0,
            "count": 50
        },
        "PacManAgent.Step.sum": {
            "value": 999954.0,
            "min": 509968.0,
            "max": 999954.0,
            "count": 50
        },
        "PacManAgent.Policy.ExtrinsicValueEstimate.mean": {
            "value": 0.0012754686176776886,
            "min": -0.10594465583562851,
            "max": 0.047377604991197586,
            "count": 50
        },
        "PacManAgent.Policy.ExtrinsicValueEstimate.sum": {
            "value": 0.25254279375076294,
            "min": -21.18893051147461,
            "max": 9.52289867401123,
            "count": 50
        },
        "PacManAgent.Policy.CuriosityValueEstimate.mean": {
            "value": 0.034472499042749405,
            "min": -0.012866003438830376,
            "max": 0.06429707258939743,
            "count": 50
        },
        "PacManAgent.Policy.CuriosityValueEstimate.sum": {
            "value": 6.825554847717285,
            "min": -2.6117987632751465,
            "max": 12.988008499145508,
            "count": 50
        },
        "PacManAgent.Environment.EpisodeLength.mean": {
            "value": 187.36170212765958,
            "min": 176.56363636363636,
            "max": 194.3846153846154,
            "count": 50
        },
        "PacManAgent.Environment.EpisodeLength.sum": {
            "value": 8806.0,
            "min": 8806.0,
            "max": 10906.0,
            "count": 50
        },
        "PacManAgent.Environment.CumulativeReward.mean": {
            "value": 0.00346153462305665,
            "min": -0.041481484107121276,
            "max": 0.1099999941581366,
            "count": 50
        },
        "PacManAgent.Environment.CumulativeReward.sum": {
            "value": 0.1799998003989458,
            "min": -2.2400001417845488,
            "max": 5.4399996511638165,
            "count": 50
        },
        "PacManAgent.Policy.ExtrinsicReward.mean": {
            "value": 0.00346153462305665,
            "min": -0.041481484107121276,
            "max": 0.1099999941581366,
            "count": 50
        },
        "PacManAgent.Policy.ExtrinsicReward.sum": {
            "value": 0.1799998003989458,
            "min": -2.2400001417845488,
            "max": 5.4399996511638165,
            "count": 50
        },
        "PacManAgent.Policy.CuriosityReward.mean": {
            "value": 0.10118915214507769,
            "min": 0.0021291304717068467,
            "max": 0.1624823625812636,
            "count": 50
        },
        "PacManAgent.Policy.CuriosityReward.sum": {
            "value": 5.26183591154404,
            "min": 0.10432739311363548,
            "max": 8.563996353826951,
            "count": 50
        },
        "PacManAgent.Losses.PolicyLoss.mean": {
            "value": 0.23541573227266782,
            "min": 0.15408388888075328,
            "max": 0.2556766849476844,
            "count": 50
        },
        "PacManAgent.Losses.PolicyLoss.sum": {
            "value": 0.23541573227266782,
            "min": 0.15408388888075328,
            "max": 0.4434651703593166,
            "count": 50
        },
        "PacManAgent.Losses.ValueLoss.mean": {
            "value": 0.003467693994753063,
            "min": 0.0009096846481043031,
            "max": 0.005065926392611194,
            "count": 50
        },
        "PacManAgent.Losses.ValueLoss.sum": {
            "value": 0.003467693994753063,
            "min": 0.0009096846481043031,
            "max": 0.008308838009785782,
            "count": 50
        },
        "PacManAgent.Policy.LearningRate.mean": {
            "value": 5.547998150999968e-07,
            "min": 5.547998150999968e-07,
            "max": 0.00014754005082000002,
            "count": 50
        },
        "PacManAgent.Policy.LearningRate.sum": {
            "value": 5.547998150999968e-07,
            "min": 5.547998150999968e-07,
            "max": 0.0002733088088971,
            "count": 50
        },
        "PacManAgent.Policy.Epsilon.mean": {
            "value": 0.10018490000000004,
            "min": 0.10018490000000004,
            "max": 0.14917999999999995,
            "count": 50
        },
        "PacManAgent.Policy.Epsilon.sum": {
            "value": 0.10018490000000004,
            "min": 0.10018490000000004,
            "max": 0.29110290000000005,
            "count": 50
        },
        "PacManAgent.Policy.Beta.mean": {
            "value": 0.005000000000000001,
            "min": 0.005000000000000001,
            "max": 0.005000000000000001,
            "count": 50
        },
        "PacManAgent.Policy.Beta.sum": {
            "value": 0.005000000000000001,
            "min": 0.005000000000000001,
            "max": 0.010000000000000002,
            "count": 50
        },
        "PacManAgent.Losses.CuriosityForwardLoss.mean": {
            "value": 0.026937736912320057,
            "min": 0.0009507801514700986,
            "max": 0.0469917395307372,
            "count": 50
        },
        "PacManAgent.Losses.CuriosityForwardLoss.sum": {
            "value": 0.026937736912320057,
            "min": 0.0009507801514700986,
            "max": 0.07237459084329506,
            "count": 50
        },
        "PacManAgent.Losses.CuriosityInverseLoss.mean": {
            "value": 1.2090293327967325,
            "min": 1.1861934532721836,
            "max": 1.3793588300546011,
            "count": 50
        },
        "PacManAgent.Losses.CuriosityInverseLoss.sum": {
            "value": 1.2090293327967325,
            "min": 1.200225474437078,
            "max": 2.7462395946184794,
            "count": 50
        },
        "PacManAgent.IsTraining.mean": {
            "value": 1.0,
            "min": 1.0,
            "max": 1.0,
            "count": 50
        },
        "PacManAgent.IsTraining.sum": {
            "value": 1.0,
            "min": 1.0,
            "max": 1.0,
            "count": 50
        }
    },
    "metadata": {
        "timer_format_version": "0.1.0",
        "start_time_seconds": "1709126796",
        "python_version": "3.10.12 | packaged by Anaconda, Inc. | (main, Jul  5 2023, 19:01:18) [MSC v.1916 64 bit (AMD64)]",
        "command_line_arguments": "C:\\Users\\Daniel\\anaconda3\\envs\\mlagents\\Scripts\\mlagents-learn config/PacManAgent.yaml --run-id=Test2 --width=350 --height=400 --resume",
        "mlagents_version": "1.0.0",
        "mlagents_envs_version": "1.0.0",
        "communication_protocol_version": "1.5.0",
        "pytorch_version": "1.13.1+cu117",
        "numpy_version": "1.23.5",
        "end_time_seconds": "1709128514"
    },
    "total": 1717.8090680000005,
    "count": 1,
    "self": 0.22497259999909147,
    "children": {
        "run_training.setup": {
            "total": 0.2542434000006324,
            "count": 1,
            "self": 0.2542434000006324
        },
        "TrainerController.start_learning": {
            "total": 1717.3298520000008,
            "count": 1,
            "self": 5.2322504003223,
            "children": {
                "TrainerController._reset_env": {
                    "total": 7.672937499999534,
                    "count": 1,
                    "self": 7.672937499999534
                },
                "TrainerController.advance": {
                    "total": 1704.3116434996773,
                    "count": 184525,
                    "self": 2.070236000326986,