{
    "name": "root",
    "gauges": {
        "PacManAgent.Policy.Entropy.mean": {
            "value": 0.43637946248054504,
            "min": 0.37328463792800903,
            "max": 0.43637946248054504,
            "count": 3
        },
        "PacManAgent.Policy.Entropy.sum": {
            "value": 4341.9755859375,
            "min": 2881.0107421875,
            "max": 4341.9755859375,
            "count": 3
        },
        "PacManAgent.Environment.EpisodeLength.mean": {
            "value": 110.62921348314607,
            "min": 75.19587628865979,
            "max": 110.62921348314607,
            "count": 3
        },
        "PacManAgent.Environment.EpisodeLength.sum": {
            "value": 9846.0,
            "min": 7294.0,
            "max": 9846.0,
            "count": 3
        },
        "PacManAgent.Step.mean": {
            "value": 8729977.0,
            "min": 8709944.0,
            "max": 8729977.0,
            "count": 3
        },
        "PacManAgent.Step.sum": {
            "value": 8729977.0,
            "min": 8709944.0,
            "max": 8729977.0,
            "count": 3
        },
        "PacManAgent.Policy.ExtrinsicValueEstimate.mean": {
            "value": -0.1293327659368515,
            "min": -0.1293327659368515,
            "max": 0.6713175177574158,
            "count": 3
        },
        "PacManAgent.Policy.ExtrinsicValueEstimate.sum": {
            "value": -25.995885848999023,
            "min": -25.995885848999023,
            "max": 115.46661376953125,
            "count": 3
        },
        "PacManAgent.Environment.CumulativeReward.mean": {
            "value": -1.0230787122894205,
            "min": -1.0731158308733844,
            "max": -1.0230787122894205,
            "count": 3
        },
        "PacManAgent.Environment.CumulativeReward.sum": {
            "value": -91.05400539375842,
            "min": -120.65300504025072,
            "max": -91.05400539375842,
            "count": 3
        },
        "PacManAgent.Policy.ExtrinsicReward.mean": {
            "value": -1.0230787122894205,
            "min": -1.0731158308733844,
            "max": -1.0230787122894205,
            "count": 3
        },
        "PacManAgent.Policy.ExtrinsicReward.sum": {
            "value": -91.05400539375842,
            "min": -120.65300504025072,
            "max": -91.05400539375842,
            "count": 3
        },
        "PacManAgent.Losses.PolicyLoss.mean": {
            "value": 0.22488576234318317,
            "min": 0.22488576234318317,
            "max": 0.4168116004516681,
            "count": 3
        },
        "PacManAgent.Losses.PolicyLoss.sum": {
            "value": 0.22488576234318317,
            "min": 0.22488576234318317,
            "max": 0.4168116004516681,
            "count": 3
        },
        "PacManAgent.Losses.ValueLoss.mean": {
            "value": 0.07138627674430609,
            "min": 0.07138627674430609,
            "max": 0.17997915465384723,
            "count": 3
        },
        "PacManAgent.Losses.ValueLoss.sum": {
            "value": 0.07138627674430609,
            "min": 0.07138627674430609,
            "max": 0.17997915465384723,
            "count": 3
        },
        "PacManAgent.Policy.LearningRate.mean": {
            "value": 0.0002997382581272472,
            "min": 0.0002997382581272472,
            "max": 0.0002997387129570958,
            "count": 3
        },
        "PacManAgent.Policy.LearningRate.sum": {
            "value": 0.0002997382581272472,
            "min": 0.0002997382581272472,
            "max": 0.0002997387129570958,
            "count": 3
        },
        "PacManAgent.Policy.Epsilon.mean": {
            "value": 0.19991275267999997,
            "min": 0.19991275267999997,
            "max": 0.19991290429000008,
            "count": 3
        },
        "PacManAgent.Policy.Epsilon.sum": {
            "value": 0.19991275267999997,
            "min": 0.19991275267999997,
            "max": 0.19991290429000008,
            "count": 3
        },
        "PacManAgent.Policy.Beta.mean": {
            "value": 0.005000000000000001,
            "min": 0.005000000000000001,
            "max": 0.005000000000000001,
            "count": 3
        },
        "PacManAgent.Policy.Beta.sum": {
            "value": 0.005000000000000001,
            "min": 0.005000000000000001,
            "max": 0.005000000000000001,
            "count": 3
        },
        "PacManAgent.IsTraining.mean": {
            "value": 1.0,
            "min": 1.0,
            "max": 1.0,
            "count": 3
        },
        "PacManAgent.IsTraining.sum": {
            "value": 1.0,
            "min": 1.0,
            "max": 1.0,
            "count": 3
        }
    },
    "metadata": {
        "timer_format_version": "0.1.0",
        "start_time_seconds": "1709308350",
        "python_version": "3.10.12 | packaged by Anaconda, Inc. | (main, Jul  5 2023, 19:01:18) [MSC v.1916 64 bit (AMD64)]",
        "command_line_arguments": "C:\\Users\\Daniel\\anaconda3\\envs\\mlagents\\Scripts\\mlagents-learn config/PacManAgent.yaml --run-id=Test13 --width=350 --height=400 --resume",
        "mlagents_version": "1.0.0",
        "mlagents_envs_version": "1.0.0",
        "communication_protocol_version": "1.5.0",
        "pytorch_version": "1.13.1+cu117",
        "numpy_version": "1.23.5",
        "end_time_seconds": "1709308492"
    },
    "total": 142.35431380000227,
    "count": 1,
    "self": 0.007601400000567082,
    "children": {
        "run_training.setup": {
            "total": 0.2581738000008045,
            "count": 1,
            "self": 0.2581738000008045
        },
        "TrainerController.start_learning": {
            "total": 142.0885386000009,
            "count": 1,
            "self": 1.4023657998186536,
            "children": {
                "TrainerController._reset_env": {
                    "total": 7.776977499997884,
                    "count": 1,
                    "self": 7.776977499997884
                },
                "TrainerController.advance": {
                    "total": 132.7190109001749,
                    "count": 10814,
                    "self": 0.16031230001681251,
                    "children": {
                        "env_step": {
                            "total": 132.5586986001581,
                            "count": 10814,
                            "self": 15.49236430061137,
                            "children": {
                                "SubprocessEnvManager._take_step": {
                                    "total": 116.7546215995535,
                                    "count": 30423,
                                    "self": 1.6754827003605897,
                                    "children": {
                                        "TorchPolicy.evaluate": {
                                            "total": 115.07913889919291,
                                            "count": 30385,
                                            "self": 115.07913889919291
                                        }
                                    }
                                },
                                "workers": {
                                    "total": 0.3117126999932225,
                                    "count": 10813,
                                    "self": 0.0,
                                    "children": {
                                        "worker_root": {
                                            "total": 540.7892131011104,
                                            "count": 30420,
                                            "is_parallel": true,
                                            "self": 442.7960621017264,
                                            "children": {
                                                "steps_from_proto": {
                                                    "total": 0.08331109998835018,