{
    "name": "root",
    "gauges": {
        "PacManAgent.Policy.Entropy.mean": {
            "value": 0.8444196581840515,
            "min": 0.6407310962677002,
            "max": 1.3358690738677979,
            "count": 10
        },
        "PacManAgent.Policy.Entropy.sum": {
            "value": 42199.02734375,
            "min": 20050.05859375,
            "max": 63184.5625,
            "count": 10
        },
        "PacManAgent.Step.mean": {
            "value": 499963.0,
            "min": 49979.0,
            "max": 499963.0,
            "count": 10
        },
        "PacManAgent.Step.sum": {
            "value": 499963.0,
            "min": 49979.0,
            "max": 499963.0,
            "count": 10
        },
        "PacManAgent.Policy.ExtrinsicValueEstimate.mean": {
            "value": 0.258024126291275,
            "min": 0.258024126291275,
            "max": 28.93351936340332,
            "count": 10
        },
        "PacManAgent.Policy.ExtrinsicValueEstimate.sum": {
            "value": 201.516845703125,
            "min": 201.516845703125,
            "max": 22597.078125,
            "count": 10
        },
        "PacManAgent.Losses.PolicyLoss.mean": {
            "value": 0.021075920343088604,
            "min": 0.0205021296084548,
            "max": 0.027443303489902367,
            "count": 10
        },
        "PacManAgent.Losses.PolicyLoss.sum": {
            "value": 0.10537960171544303,
            "min": 0.023547276528552173,
            "max": 0.12753395149096225,
            "count": 10
        },
        "PacManAgent.Losses.ValueLoss.mean": {
            "value": 0.003687719375205537,
            "min": 0.003687719375205537,
            "max": 277.5907409667969,
            "count": 10
        },
        "PacManAgent.Losses.ValueLoss.sum": {
            "value": 0.018438596876027686,
            "min": 0.018438596876027686,
            "max": 277.5907409667969,
            "count": 10
        },
        "PacManAgent.Policy.LearningRate.mean": {
            "value": 1.3078295640600004e-05,
            "min": 1.3078295640600004e-05,
            "max": 0.00027273900908699985,
            "count": 10
        },
        "PacManAgent.Policy.LearningRate.sum": {
            "value": 6.539147820300002e-05,
            "min": 6.539147820300002e-05,
            "max": 0.0012709590763470002,
            "count": 10
        },
        "PacManAgent.Policy.Epsilon.mean": {
            "value": 0.10435940000000002,
            "min": 0.10435940000000002,
            "max": 0.19091300000000003,
            "count": 10
        },
        "PacManAgent.Policy.Epsilon.sum": {
            "value": 0.5217970000000001,
            "min": 0.19091300000000003,
            "max": 0.9236530000000002,
            "count": 10
        },
        "PacManAgent.Policy.Beta.mean": {
            "value": 0.00022753406000000005,
            "min": 0.00022753406000000005,
            "max": 0.0045465587,
            "count": 10
        },
        "PacManAgent.Policy.Beta.sum": {
            "value": 0.0011376703000000002,
            "min": 0.0011376703000000002,
            "max": 0.021190284700000003,
            "count": 10
        },
        "PacManAgent.IsTraining.mean": {
            "value": 1.0,
            "min": 1.0,
            "max": 1.0,
            "count": 10
        },
        "PacManAgent.IsTraining.sum": {
            "value": 1.0,
            "min": 1.0,
            "max": 1.0,
            "count": 10
        }
    },
    "metadata": {
        "timer_format_version": "0.1.0",
        "start_time_seconds": "1708961275",
        "python_version": "3.10.12 | packaged by Anaconda, Inc. | (main, Jul  5 2023, 19:01:18) [MSC v.1916 64 bit (AMD64)]",
        "command_line_arguments": "C:\\Users\\Daniel\\anaconda3\\envs\\mlagents\\Scripts\\mlagents-learn --env=PacManBuild --run-id=exetest2 --num-envs=4 --resume",
        "mlagents_version": "1.0.0",
        "mlagents_envs_version": "1.0.0",
        "communication_protocol_version": "1.5.0",
        "pytorch_version": "1.13.1+cu117",
        "numpy_version": "1.23.5",
        "end_time_seconds": "1708962748"
    },
    "total": 1475.4409696000002,
    "count": 1,
    "self": 0.287500600000385,
    "children": {
        "run_training.setup": {
            "total": 0.034218499999951746,
            "count": 1,
            "self": 0.034218499999951746
        },
        "TrainerController.start_learning": {
            "total": 1475.1192505,
            "count": 1,
            "self": 3.721036099790581,
            "children": {
                "TrainerController._reset_env": {
                    "total": 6.1012197000000015,
                    "count": 1,
                    "self": 6.1012197000000015
                },
                "TrainerController.advance": {
                    "total": 1465.2453347002083,
                    "count": 190530,
                    "self": 2.9489065000125265,
                    "children": {
                        "env_step": {
                            "total": 1343.1535097002288,
                            "count": 190530,
                            "self": 153.8886563001961,
                            "children": {
                                "SubprocessEnvManager._take_step": {
                                    "total": 1186.1490410998576,
                                    "count": 465008,
                                    "self": 20.162955300102112,
                                    "children": {
                                        "TorchPolicy.evaluate": {
                                            "total": 1165.9860857997555,
                                            "count": 465008,
                                            "self": 1165.9860857997555
                                        }
                                    }
                                },
                                "workers": {
                                    "total": 3.1158123001750937,
                                    "count": 190530,
                                    "self": 0.0,
                                    "children": {
                                        "worker_root": {
                                            "total": 5868.677696000056,
                                            "count": 465006,
                                            "is_parallel": true,
                                            "self": 4885.374022399711,
                                            "children": {
                                                "steps_from_proto": {
                                                    "total": 0.0016928999984884285,
                                                    "count": 4,
                                                    "is_parallel": true,
                                                    "self": 0.000949699999182485,
                                                    "children": {
                                                        "_process_rank_one_or_two_observation": {
                                                            "total": 0.0007431999993059435,
                                                            "count": 8,
                                                            "is_parallel": true,
                                                            "self": 0.0007431999993059435
                                                        }
                                                    }
                                                },
                                                "UnityEnvironment.step": {
                                                    "total": 983.3019807003466,
                                                    "count": 465006,
                                                    "is_parallel": true,
                                                    "self": 22.64229510034511,