{
    "name": "root",
    "metadata": {
        "timer_format_version": "0.1.0",
        "start_time_seconds": "1709202206",
        "python_version": "3.10.12 | packaged by Anaconda, Inc. | (main, Jul  5 2023, 19:01:18) [MSC v.1916 64 bit (AMD64)]",
        "command_line_arguments": "C:\\Users\\Daniel\\anaconda3\\envs\\mlagents\\Scripts\\mlagents-learn config/PacManAgent.yaml --run-id=Test5 --width=350 --height=400",
        "mlagents_version": "1.0.0",
        "mlagents_envs_version": "1.0.0",
        "communication_protocol_version": "1.5.0",
        "pytorch_version": "1.13.1+cu117",
        "numpy_version": "1.23.5",
        "end_time_seconds": "1709202238"
    },
    "total": 31.56324989999939,
    "count": 1,
    "self": 10.007333599999583,
    "children": {
        "run_training.setup": {
            "total": 0.24910019999970245,
            "count": 1,
            "self": 0.24910019999970245
        },
        "TrainerController.start_learning": {
            "total": 21.306816100000106,
            "count": 1,
            "self": 0.01697869999861723,
            "children": {
                "TrainerController._reset_env": {
                    "total": 7.488595699999678,
                    "count": 1,
                    "self": 7.488595699999678
                },
                "TrainerController.advance": {
                    "total": 13.439279300000635,
                    "count": 192,
                    "self": 0.0017098999987865682,
                    "children": {
                        "env_step": {
                            "total": 13.437569400001848,
                            "count": 192,
                            "self": 13.434796899991852,
                            "children": {
                                "SubprocessEnvManager._take_step": {
                                    "total": 0.000996399996438413,
                                    "count": 195,
                                    "self": 0.000996399996438413
                                },
                                "workers": {
                                    "total": 0.0017761000135578797,
                                    "count": 191,
                                    "self": 0.0,
                                    "children": {
                                        "worker_root": {
                                            "total": 42.54652499999884,
                                            "count": 191,
                                            "is_parallel": true,
                                            "self": 8.435838199999125,
                                            "children": {
                                                "steps_from_proto": {
                                                    "total": 0.0012243000001035398,
                                                    "count": 4,
                                                    "is_parallel": true,
                                                    "self": 0.00025610000102460617,
                                                    "children": {
                                                        "_process_rank_one_or_two_observation": {
                                                            "total": 0.0009681999990789336,
                                                            "count": 8,
                                                            "is_parallel": true,
                                                            "self": 0.0009681999990789336
                                                        }
                                                    }
                                                },
                                                "UnityEnvironment.step": {
                                                    "total": 34.10946249999961,
                                                    "count": 191,
                                                    "is_parallel": true,
                                                    "self": 0.015372200006822823,
                                                    "children": {
                                                        "UnityEnvironment._generate_step_input": {
                                                            "total": 0.0034213999952044105,
                                                            "count": 191,
                                                            "is_parallel": true,
                                                            "self": 0.0034213999952044105
                                                        },
                                                        "communicator.exchange": {
                                                            "total": 34.06228079999255,
                                                            "count": 191,
                                                            "is_parallel": true,
                                                            "self": 34.06228079999255
                                                        },
                                                        "steps_from_proto": {
                                                            "total": 0.028388100005031447,
                                                            "count": 191,
                                                            "is_parallel": true,
                                                            "self": 0.008568900002501323,
                                                            "children": {
                                                                "_process_rank_one_or_two_observation": {
                                                                    "total": 0.019819200002530124,
                                                                    "count": 382,
                                                                    "is_parallel": true,
                                                                    "self": 0.019819200002530124
                                                                }
                                                            }
                                                        }
                                                    }
                                                }
                                            }
                                        }
                                    }
                                }
                            }
                        }
                    }
                },
                "trainer_threads": {
                    "total": 1.920000067912042e-05,
                    "count": 1,
                    "self": 1.920000067912042e-05,
                    "children": {
                        "thread_root": {
                            "total": 0.0,
                            "count": 0,
                            "is_parallel": true,
                            "self": 0.0,
                            "children": {
                                "trainer_advance": {
                                    "total": 13.437381600012486,
                                    "count": 882,
                                    "is_parallel": true,
                                    "self": 0.03440970000792731,
                                    "children": {
                                        "process_trajectory": {
                                            "total": 13.402971900004559,
                                            "count": 882,
                                            "is_parallel": true,
                                            "self": 13.402971900004559
                                        }
                                    }
                                }
                            }
                        }
                    }
                },