{
    "name": "root",
    "gauges": {
        "PacManAgent.Policy.Entropy.mean": {
            "value": 1.1750890016555786,
            "min": 1.1613796949386597,
            "max": 1.385117769241333,
            "count": 40
        },
        "PacManAgent.Policy.Entropy.sum": {
            "value": 11674.5087890625,
            "min": 11562.8857421875,
            "max": 14011.8515625,
            "count": 40
        },
        "PacManAgent.Step.mean": {
            "value": 399936.0,
            "min": 9994.0,
            "max": 399936.0,
            "count": 40
        },
        "PacManAgent.Step.sum": {
            "value": 399936.0,
            "min": 9994.0,
            "max": 399936.0,
            "count": 40
        },
        "PacManAgent.Policy.ExtrinsicValueEstimate.mean": {
            "value": 0.033270180225372314,
            "min": -0.015918197110295296,
            "max": 0.23093463480472565,
            "count": 40
        },
        "PacManAgent.Policy.ExtrinsicValueEstimate.sum": {
            "value": 6.6873064041137695,
            "min": -3.231394052505493,
            "max": 46.41786193847656,
            "count": 40
        },
        "PacManAgent.Policy.CuriosityValueEstimate.mean": {
            "value": 0.048120807856321335,
            "min": 0.044174470007419586,
            "max": 0.6766952276229858,
            "count": 40
        },
        "PacManAgent.Policy.CuriosityValueEstimate.sum": {
            "value": 9.672282218933105,
            "min": 8.923242568969727,
            "max": 134.662353515625,
            "count": 40
        },
        "PacManAgent.Environment.EpisodeLength.mean": {
            "value": 183.79245283018867,
            "min": 175.76785714285714,
            "max": 193.86274509803923,
            "count": 40
        },
        "PacManAgent.Environment.EpisodeLength.sum": {
            "value": 9741.0,
            "min": 9598.0,
            "max": 10422.0,
            "count": 40
        },
        "PacManAgent.Environment.CumulativeReward.mean": {
            "value": 0.09792452252838972,
            "min": -0.10267857525364629,
            "max": 0.14359999317675828,
            "count": 40
        },
        "PacManAgent.Environment.CumulativeReward.sum": {
            "value": 5.189999694004655,
            "min": -5.750000214204192,
            "max": 7.1799996588379145,
            "count": 40
        },
        "PacManAgent.Policy.ExtrinsicReward.mean": {
            "value": 0.09792452252838972,
            "min": -0.10267857525364629,
            "max": 0.14359999317675828,
            "count": 40
        },
        "PacManAgent.Policy.ExtrinsicReward.sum": {
            "value": 5.189999694004655,
            "min": -5.750000214204192,
            "max": 7.1799996588379145,
            "count": 40
        },
        "PacManAgent.Policy.CuriosityReward.mean": {
            "value": 0.07020278712119556,
            "min": 0.03537865035235882,
            "max": 0.7345881926848299,
            "count": 40
        },
        "PacManAgent.Policy.CuriosityReward.sum": {
            "value": 3.7207477174233645,
            "min": 1.768932517617941,
            "max": 40.402350597665645,
            "count": 40
        },
        "PacManAgent.Losses.PolicyLoss.mean": {
            "value": 0.19954632066146588,
            "min": 0.17097903879087728,
            "max": 0.3041353714186698,
            "count": 40
        },
        "PacManAgent.Losses.PolicyLoss.sum": {
            "value": 0.19954632066146588,
            "min": 0.17097903879087728,
            "max": 0.5319614723038588,
            "count": 40
        },
        "PacManAgent.Losses.ValueLoss.mean": {
            "value": 0.0036779006140325995,
            "min": 0.0014959108470065986,
            "max": 0.026165642713507017,
            "count": 40
        },
        "PacManAgent.Losses.ValueLoss.sum": {
            "value": 0.0036779006140325995,
            "min": 0.0014959108470065986,
            "max": 0.026165642713507017,
            "count": 40
        },
        "PacManAgent.Policy.LearningRate.mean": {
            "value": 0.00018199653933449996,
            "min": 0.00018199653933449996,
            "max": 0.00029756790081069995,
            "count": 40
        },
        "PacManAgent.Policy.LearningRate.sum": {
            "value": 0.00018199653933449996,
            "min": 0.00018199653933449996,
            "max": 0.0005734458088514,
            "count": 40
        },
        "PacManAgent.Policy.Epsilon.mean": {
            "value": 0.16066550000000004,
            "min": 0.16066550000000004,
            "max": 0.19918930000000004,
            "count": 40
        },
        "PacManAgent.Policy.Epsilon.sum": {
            "value": 0.16066550000000004,
            "min": 0.16066550000000004,
            "max": 0.39114859999999996,
            "count": 40
        },
        "PacManAgent.Policy.Beta.mean": {
            "value": 0.005000000000000001,
            "min": 0.005000000000000001,
            "max": 0.005000000000000001,
            "count": 40
        },
        "PacManAgent.Policy.Beta.sum": {
            "value": 0.005000000000000001,
            "min": 0.005000000000000001,
            "max": 0.010000000000000002,
            "count": 40
        },
        "PacManAgent.Losses.CuriosityForwardLoss.mean": {
            "value": 0.01726953514541189,
            "min": 0.010051468113670126,
            "max": 0.378555322624743,
            "count": 40
        },
        "PacManAgent.Losses.CuriosityForwardLoss.sum": {
            "value": 0.01726953514541189,
            "min": 0.010542261290053527,
            "max": 0.378555322624743,
            "count": 40
        },
        "PacManAgent.Losses.CuriosityInverseLoss.mean": {
            "value": 1.1625684380531311,
            "min": 1.1550729990005493,
            "max": 1.4896960834662119,
            "count": 40
        },
        "PacManAgent.Losses.CuriosityInverseLoss.sum": {
            "value": 1.1625684380531311,
            "min": 1.1550729990005493,
            "max": 2.720786714553833,
            "count": 40
        },
        "PacManAgent.IsTraining.mean": {
            "value": 1.0,
            "min": 1.0,
            "max": 1.0,
            "count": 40
        },
        "PacManAgent.IsTraining.sum": {
            "value": 1.0,
            "min": 1.0,
            "max": 1.0,
            "count": 40
        }
    },
    "metadata": {
        "timer_format_version": "0.1.0",
        "start_time_seconds": "1709132597",
        "python_version": "3.10.12 | packaged by Anaconda, Inc. | (main, Jul  5 2023, 19:01:18) [MSC v.1916 64 bit (AMD64)]",
        "command_line_arguments": "C:\\Users\\Daniel\\anaconda3\\envs\\mlagents\\Scripts\\mlagents-learn config/PacManAgent.yaml --run-id=Test3 --width=350 --height=400",
        "mlagents_version": "1.0.0",
        "mlagents_envs_version": "1.0.0",
        "communication_protocol_version": "1.5.0",
        "pytorch_version": "1.13.1+cu117",
        "numpy_version": "1.23.5",
        "end_time_seconds": "1709133949"
    },
    "total": 1352.0007912,
    "count": 1,
    "self": 0.12985779999871738,
    "children": {
        "run_training.setup": {
            "total": 0.24786709999898449,
            "count": 1,
            "self": 0.24786709999898449
        },
        "TrainerController.start_learning": {
            "total": 1351.6230663000024,
            "count": 1,
            "self": 3.9754454994945263,
            "children": {
                "TrainerController._reset_env": {
                    "total": 7.605418099999952,
                    "count": 1,
                    "self": 7.605418099999952
                },
                "TrainerController.advance": {
                    "total": 1339.9421875005028,
                    "count": 154152,
                    "self": 1.6476754004470422,